{
	"info": {
		"_postman_id": "0175a547-5bf9-4b6b-a906-9604992a7662",
		"name": "directorsErr",
		"schema": "https://schema.getpostman.com/json/collection/v2.1.0/collection.json",
		"_exporter_id": "47946550"
	},
	"item": [
		{
			"name": "by id",
			"event": [
				{
					"listen": "test",
					"script": {
						"exec": [
							"\r",
							"pm.test(\"respon benar\", () => {\r",
							"    pm.response.to.have.status(200);\r",
							"});\r",
							"\r",
							"pm.test(\"Respons adalah objek dengan skema yang benar\", () => {\r",
							"    const jsonData = pm.response.json();\r",
							"    pm.expect(jsonData).to.be.an('object');\r",
							"    pm.expect(jsonData).to.have.all.keys('id','name','birthYear');\r",
							"});\r",
							"\r",
							"pm.test(\"Nilai ID sesuai dengan yang diminta\", () => {\r",
							"    const jsonData = pm.response.json();\r",
							"    pm.expect(jsonData.id).to.eql(2);\r",
							"});\r",
							""
						],
						"type": "text/javascript",
						"packages": {},
						"requests": {}
					}
				}
			],
			"request": {
				"method": "GET",
				"header": [],
				"url": {
					"raw": "http://localhost:3900/directors/9999",
					"protocol": "http",
					"host": [
						"localhost"
					],
					"port": "3900",
					"path": [
						"directors",
						"9999"
					]
				}
			},
			"response": []
		},
		{
			"name": "New Request",
			"event": [
				{
					"listen": "test",
					"script": {
						"exec": [
							" pm.test(\"Status respons adalah 200 OK\", function () {\r",
							" pm.response.to.have.status(200);\r",
							" });\r",
							"\r",
							" pm.test(\"Header Content-Type adalah application/json\", function () {\r",
							" pm.response.to.have.header(\"Content-Type\");\r",
							" });\r",
							"\r",
							" pm.test(\"Body respons adalah sebuah array\", function () {\r",
							" const jsonData = pm.response.json();\r",
							" pm.expect(jsonData).to.be.an(\"array\");\r",
							" });"
						],
						"type": "text/javascript",
						"packages": {},
						"requests": {}
					}
				}
			],
			"request": {
				"method": "GET",
				"header": [],
				"url": {
					"raw": "http://localhost:3900/directors/2",
					"protocol": "http",
					"host": [
						"localhost"
					],
					"port": "3900",
					"path": [
						"directors",
						"2"
					]
				}
			},
			"response": []
		},
		{
			"name": "post err",
			"event": [
				{
					"listen": "test",
					"script": {
						"exec": [
							"pm.test(\"Status respons adalah 201 Created\", () => {\r",
							"    pm.response.to.have.status(201);\r",
							"});\r",
							"\r",
							"pm.test(\"Respons berisi ID film yang baru dibuat dan menyimpannya\", () => {\r",
							"    const jsonData = pm.response.json();\r",
							"    pm.expect(jsonData.id).to.be.a('number');\r",
							"    pm.collectionVariables.set(\"createdMovieId\", jsonData.id);\r",
							"});\r",
							""
						],
						"type": "text/javascript",
						"packages": {},
						"requests": {}
					}
				}
			],
			"request": {
				"method": "POST",
				"header": [],
				"body": {
					"mode": "raw",
					"raw": "{\r\n  \"nama\": \"dimas11\",\r\n  \"birthYear\": 2025\r\n}",
					"options": {
						"raw": {
							"language": "json"
						}
					}
				},
				"url": {
					"raw": "http://localhost:3900/directors",
					"protocol": "http",
					"host": [
						"localhost"
					],
					"port": "3900",
					"path": [
						"directors"
					]
				}
			},
			"response": []
		},
		{
			"name": "New Request",
			"event": [
				{
					"listen": "test",
					"script": {
						"exec": [
							"pm.test(\"Status respons adalah 200 OK\", () => {\r",
							" pm.response.to.have.status(200);\r",
							" });\r",
							""
						],
						"type": "text/javascript",
						"packages": {},
						"requests": {}
					}
				}
			],
			"request": {
				"method": "PUT",
				"header": [],
				"body": {
					"mode": "raw",
					"raw": "{\r\n    \"name\": \"jono\"\r\n    \"birthYear\": 2121\r\n}",
					"options": {
						"raw": {
							"language": "json"
						}
					}
				},
				"url": {
					"raw": "http://localhost:3900/directors/90",
					"protocol": "http",
					"host": [
						"localhost"
					],
					"port": "3900",
					"path": [
						"directors",
						"90"
					]
				}
			},
			"response": []
		},
		{
			"name": "New Request",
			"event": [
				{
					"listen": "test",
					"script": {
						"exec": [
							"pm.test(\"Status respons adalah 204 No Content\", () => {\r",
							"pm.response.to.have.status(204);\r",
							"});"
						],
						"type": "text/javascript",
						"packages": {},
						"requests": {}
					}
				}
			],
			"request": {
				"method": "DELETE",
				"header": [],
				"url": {
					"raw": "http://localhost:3900/directors/1",
					"protocol": "http",
					"host": [
						"localhost"
					],
					"port": "3900",
					"path": [
						"directors",
						"1"
					]
				}
			},
			"response": []
		}
	]
}